channel_id;title;description;published_at;country;custom_url;subscriber_count;video_count;view_count
UC_x5XG1OV2P6uZZ5FSM9Ttw;Google for Developers;"Subscribe to join a community of creative developers and learn the latest in Google technology — from AI and cloud, to mobile and web.

Explore more at developers.google.com

";2007-08-23T00:34:43Z;US;@googledevelopers;2550000;6821;405471590
UC29ju8bIPH5as8OGnQzwJyA;Traversy Media;Traversy Media features the best online web development and programming tutorials for all of the latest web technologies from the building blocks of HTML, CSS & JavaScript to frontend frameworks like React and Vue to backend technologies like Node.js, Python and PHP;2009-10-30T21:33:14Z;US;@traversymedia;2380000;1013;226872229
UC8butISFwT-Wl7EV0hUK0BQ;freeCodeCamp.org;Learn math, programming, and computer science for free. A 501(c)(3) tax-exempt charity. We also run a free learning interactive platform at freecodecamp.org;2014-12-16T21:18:48Z;US;@freecodecamp;11200000;1949;913582960
UCYO_jab_esuFRV4b17AJtAw;3Blue1Brown;"My name is Grant Sanderson. Videos here cover a variety of topics in math, or adjacent fields like physics and CS, all with an emphasis on visualizing the core ideas. The goal is to use animation to help elucidate and motivate otherwise tricky topics, and for difficult problems to be made simple with changes in perspective.

For more information, other projects, FAQs, and inquiries see the website: https://www.3blue1brown.com";2015-03-03T23:11:55Z;US;@3blue1brown;7810000;223;691402695
UCWv7vMbMWH4-V0ZXdmDpPBA;Programming with Mosh;"Hi! I'm Mosh 👋, a software engineer with over 20 years of experience.  I'm all about clear, concise, practical coding tutorials – no fluff, just the good stuff! My courses focus on real-world projects and the skills that will get you hired. I've helped millions of students transform their careers. 

Want to level up your skills? Subscribe and hit the bell to get notified when I upload new videos!

For sponsorships: partners@codewithmosh.com
";2014-10-07T00:40:53Z;US;@programmingwithmosh;4830000;243;255494374
