video_id;title;description;published_at;channel_id;channel_title;category_id;live_broadcast_content;view_count;like_count;comment_count;favorite_count;duration;dimension;definition;caption;licensed_content;projection
Vrtx9G9lEuM;Python in 1 Minute;;2024-04-13T14:00:19Z;UCWv7vMbMWH4-V0ZXdmDpPBA;Programming with Mosh;27;none;0;0;0;0;PT0S;N/A;N/A;false;False;rectangular
vE7Cy5csYbQ;Python in 2 Minutes!;"Get to know Python and why it's hated by C++ programmers! 

🔗 Python tutorials 

https://youtu.be/kqtD5dpn9C8?si=Z9CtJNU1FStlnepW
https://youtu.be/_uQrJ0TkZlc?si=-mGZLOQn7YpLAlXJ

✋ Stay connected

- Twitter: https://twitter.com/moshhamedani
- Facebook: https://www.facebook.com/programmingwithmosh/
- Instagram: https://www.instagram.com/codewithmosh.official/
- LinkedIn: https://www.linkedin.com/school/codewithmosh/

📖 What's covered

00:00 - Why Python is so popular
00:10 - Applications of Python  
00:18 - Python ecosystem
00:34 - History of Python 
00:43 - Python interpreter 
00:52 - Hidden gems of Python 
01:01 - Basic Python syntax 
01:44 - What's with ""batteries included""

#python #programming #ai #coding";2024-04-12T13:01:00Z;UCWv7vMbMWH4-V0ZXdmDpPBA;Programming with Mosh;27;none;0;0;0;0;PT0S;N/A;N/A;false;False;rectangular
bjFvcFjJpE0;Top Programming Languages in 2020;"The top programming languages in 2020. If you're looking for a job in AI or web or mobile development, this video is for you.
👍Subscribe for more tutorials like this: https://goo.gl/6PYaGF

MY FULL COURSES

The Complete Python Programming Course: http://bit.ly/35BLHHP
The Ultimate Java Series: http://bit.ly/2tKoy8C
The Ultimate Full-stack JavaScript Developer: http://bit.ly/2Ncpc5F
JavaScript Basics for Beginners: http://bit.ly/2KZea52

MY YOUTUBE TUTORIALS

Python Tutorial for Beginners: https://youtu.be/_uQrJ0TkZlc
Java Tutorial for Beginners: https://youtu.be/eIrMbAQSU34
JavaScript Tutorial for Beginners: https://youtu.be/W6NZfCO5SIk

CONNECT WITH ME

Blog: http://programmingwithmosh.com
Facebook: https://www.facebook.com/programmingwithmosh/
Twitter: https://twitter.com/moshhamedani";2020-01-13T17:00:11Z;UCWv7vMbMWH4-V0ZXdmDpPBA;Programming with Mosh;27;none;0;0;0;0;PT0S;N/A;N/A;false;False;rectangular
2ReR1YJrNOM;What is Git? Explained in 2 Minutes!;"This short video explains what Git is and why it's a critical skill for every software & DevOps engineer. 
👍 Subscribe for more Git tutorials like this: https://goo.gl/6PYaGF
👉 Learn Git basics in one hour: https://youtu.be/8JJ101D3knE

#Git is the most popular open-source version control system in the world. Everyday, millions of people use Git to track their project history and collaborate effectively. It's a critical skill for a every software and DevOps engineer. 

⭐️ Want to learn more from me? Check out these links: 

Courses: https://codewithmosh.com
Twitter: https://twitter.com/moshhamedani
Facebook: https://www.facebook.com/programmingwithmosh/
Blog: https://programmingwithmosh.com";2020-09-21T13:00:03Z;UCWv7vMbMWH4-V0ZXdmDpPBA;Programming with Mosh;27;none;0;0;0;0;PT0S;N/A;N/A;false;False;rectangular
4_J_CLKwoto;C# Object Initializers Tutorial;"C# Object Initializers Tutorial

🔥Get the COMPLETE Course: http://bit.ly/2LhL39u

SUBSCRIBE FOR MORE VIDEOS!
https://www.youtube.com/channel/UCWv7vMbMWH4-V0ZXdmDpPBA?sub_confirmation=1

STAY IN TOUCH
https://www.facebook.com/programmingwithmosh/
https://twitter.com/moshhamedani";2017-11-08T18:55:21Z;UCWv7vMbMWH4-V0ZXdmDpPBA;Programming with Mosh;22;none;0;0;0;0;PT0S;N/A;N/A;false;False;rectangular
V7TMkZH1AkM;A Practical AI Course for Developers is Coming...;"I’ve been working on something special — can’t wait to share it with you soon. Watch this space.

❤️ Join this channel to get access to perks:
https://www.youtube.com/channel/UCWv7vMbMWH4-V0ZXdmDpPBA/join

✋ Stay connected:
- Full Courses: https://codewithmosh.com
- Twitter: https://twitter.com/moshhamedani
- Facebook: https://www.facebook.com/programmingwithmosh/
- Instagram: https://www.instagram.com/codewithmosh.official/
- LinkedIn: https://www.linkedin.com/school/codewithmosh/";2025-08-18T23:46:05Z;UCWv7vMbMWH4-V0ZXdmDpPBA;Programming with Mosh;27;none;0;0;0;0;PT0S;N/A;N/A;false;False;rectangular
ODjFDZC_TyA;Python Exercises for Beginners - Exercise #1;"Looking for Python practices to learn Python better? Watch this video to practice Python. 
🔥Subscribe for more Python tutorials like this: https://goo.gl/SjXTT7
🔥Python tutorial for beginners: https://youtu.be/yE9v9rt6ziw

Python Exercises for Beginners: 
https://programmingwithmosh.com/python/python-exercises-and-questions-for-beginners/

Python Cheat Sheet: 
https://programmingwithmosh.com/python/python-3-cheat-sheet/


Want to learn more from me? Check out my blog and courses: 

http://programmingwithmosh.com 
https://www.facebook.com/programmingwithmosh/
https://twitter.com/moshhamedani";2018-11-04T00:30:00Z;UCWv7vMbMWH4-V0ZXdmDpPBA;Programming with Mosh;27;none;0;0;0;0;PT0S;N/A;N/A;false;False;rectangular
9ueMumuFv6g;How to Loop over Lists in Python;"How to loop over lists in Python. Learn Python basics with this Python tutorial for beginners.
🔥Subscribe for more Python tutorials like this: https://goo.gl/SjXTT7
🔥Python tutorial for beginners: https://youtu.be/yE9v9rt6ziw

Python Exercises for Beginners: 
https://programmingwithmosh.com/python/python-exercises-and-questions-for-beginners/

Python Cheat Sheet: 
https://programmingwithmosh.com/python/python-3-cheat-sheet/


Want to learn more from me? Check out my blog and courses: 

http://programmingwithmosh.com 
https://www.facebook.com/programmingwithmosh/
https://twitter.com/moshhamedani";2018-11-04T00:00:00Z;UCWv7vMbMWH4-V0ZXdmDpPBA;Programming with Mosh;27;none;0;0;0;0;PT0S;N/A;N/A;false;False;rectangular
YRJbhFLLPyE;The Complete Data Analyst Roadmap;"Go from zero to a data analyst in 8-16 months. This step-by-step roadmap covers the essential skills you must learn to become a data analyst in 2024. 

❤️ Join this channel to get access to perks:
https://www.youtube.com/channel/UCWv7vMbMWH4-V0ZXdmDpPBA/join

Download the FREE roadmap PDF here: https://mosh.link/data-analyst-roadmap

✋ Stay connected

- Complete courses: https://codewithmosh.com
- Twitter: https://twitter.com/moshhamedani
- Facebook: https://www.facebook.com/programmingwithmosh/
- Instagram: https://www.instagram.com/codewithmosh.official/
- LinkedIn: https://www.linkedin.com/school/codewithmosh/

📚 Tutorials 

https://youtu.be/_uQrJ0TkZlc?si=ZhlCrQs1SkaPNVa8
https://youtu.be/8JJ101D3knE?si=OGTuS35LQqSunuhh
https://youtu.be/7S_tz1z_5bA?si=QL7s_M2Ao90RDwG8

📖 Chapters

00:00 - Introduction
00:20 - Mathematics & Statistics
00:42 - Excel
00:59 - SQL
01:18 - Python 
01:41 - Git 
02:23 - Data Collection and Preprocessing
02:39 - Data Visualization 
03:07 - Machine Learning Fundamentals
03:26 - Big Data

#dataanalyst #datascience #machinelearning";2024-08-06T13:00:37Z;UCWv7vMbMWH4-V0ZXdmDpPBA;Programming with Mosh;27;none;0;0;0;0;PT0S;N/A;N/A;false;False;rectangular
pEbIhUySqbk;React vs Angular vs Vue: What to Learn to Get a Front-end Job;"What is the best JavaScript framework/library that everybody is learning these days? React, Angular or Vue? Watch this video to find out. 
Here are my other YouTube tutorials: 
Learn React: https://youtu.be/Ke90Tje7VS0
JavaScript for React Developers: https://youtu.be/NCwa_xi0Uuc
JavaScript for Beginners: https://youtu.be/W6NZfCO5SIk
Learn Angular: https://youtu.be/k5E2AVpwsko

🔥Get my Complete React Course with a big discount (limited to the first 200 students): 
https://programmingwithmosh.com/courses/react

👍Subscribe for more videos like this: https://goo.gl/6PYaGF

These days we have plenty of JavaScript frameworks and libraries for front end development. React, Angular and Vue are the top three that are used in most organizations around the world. If you're wondering whether you should learn #React, #Angular or #Vue for web development in 2019, this video can help. We'll look at each of these frameworks, their history, learning curve, and job market and then I'll tell you what framework to learn if you're looking for a front-end development job in 2019. 

Stay in Touch:
https://www.facebook.com/programmingwithmosh/
https://twitter.com/moshhamedani
http://programmingwithmosh.com";2019-04-17T16:00:06Z;UCWv7vMbMWH4-V0ZXdmDpPBA;Programming with Mosh;27;none;0;0;0;0;PT0S;N/A;N/A;false;False;rectangular
Y8Tko2YC5hA;What is Python? Why Python is So Popular?;"What is Python? This short video explains it in 4 minutes.
🔥Python Tutorial for Beginners: https://youtu.be/_uQrJ0TkZlc
🔥Python Tutorial for Programmers: https://youtu.be/f79MRyMsjrQ
🔥Subscribe for more videos like this: https://goo.gl/6PYaGF

In this video, I'm going to answer the top questions about Python: 

- What is Python?
- What can you do with Python?
- What kind of applications can you build with Python?
- How to learn Python?

Python is one of the top three most popular programming languages in 2019 and everybody is learning Python either to make their life easier or to expand their job opportunities. 

Python is often used in:
- Data science and machine learning
- Web development
- Automation 

In fact, if you want to get into data science and machine learning, Python is THE language that you must learn. 

Python and Django (a popular Python framework) are also very popular choices for building the backend of web applications. Small or big companies use Python to re-write their existing applications or build new applications. Instagram, DropBox, and YouTube are examples of websites built with Python. Well, more accurately, the backend of these applications is built with Python and Django. 

Python is also very popular for writing scripts to automate repetitive boring tasks that waste their time. 

If you want to expand your career opportunities, you should learn Python in 2019. 

Watch my Python tutorial for beginners to learn Python in one day:  https://youtu.be/_uQrJ0TkZlc


Stay in Touch:
https://www.facebook.com/programmingwithmosh
https://twitter.com/moshhamedani
http://programmingwithmosh.com";2018-10-23T03:06:02Z;UCWv7vMbMWH4-V0ZXdmDpPBA;Programming with Mosh;27;none;0;0;0;0;PT0S;N/A;N/A;false;False;rectangular
uVwtVBpw7RQ;What is Node js?;"What is Node js? This short video explains it in 3 minutes.
🔥Node js tutorial for beginners: https://youtu.be/TlB_eWDSMt4

Subscribe for more videos: 
https://www.youtube.com/channel/UCWv7vMbMWH4-V0ZXdmDpPBA?sub_confirmation=1

Want to learn more from me? Check out my blog and courses: 

Courses: https://codewithmosh.com
Blog: https://programmingwithmosh.com 
Facebook: https://www.facebook.com/programmingwithmosh/
Twitter: https://twitter.com/moshhamedani";2018-01-23T23:51:31Z;UCWv7vMbMWH4-V0ZXdmDpPBA;Programming with Mosh;22;none;0;0;0;0;PT0S;N/A;N/A;false;False;rectangular
NClmyC6olC0;Top Programming Languages to Learn in 2025;"Want to future-proof your coding skills? Discover the top programming languages that will dominate in 2025, with real-world use cases and career insights. Don’t miss out—stay ahead in tech!

❤️ Join this channel to get access to perks:
https://www.youtube.com/channel/UCWv7vMbMWH4-V0ZXdmDpPBA/join

🔗 Tutorials 
https://youtu.be/_uQrJ0TkZlc?si=PlSZ9OJl2sku4sIH
https://youtu.be/kqtD5dpn9C8?si=tr53YlfyrMqsi_RF
https://youtu.be/eIrMbAQSU34?si=n1fSY_7d96rzzomX
https://youtu.be/W6NZfCO5SIk?si=uaOUNhKhr2dOySV2
https://youtu.be/d56mG7DezGs?si=Kpc4FFmYOWKvpPIc
https://youtu.be/7S_tz1z_5bA?si=83GhWNiU_J9MB2e2
https://youtu.be/ZzaPdXTrSb8?si=Ve9Y4HTogsj_pJLM

✋ Stay connected:
- Full Courses: https://codewithmosh.com
- Twitter: https://twitter.com/moshhamedani
- Facebook: https://www.facebook.com/programmingwithmosh/
- Instagram: https://www.instagram.com/codewithmosh.official/
- LinkedIn: https://www.linkedin.com/school/codewithmosh/

#coding #programming";2025-01-22T12:30:18Z;UCWv7vMbMWH4-V0ZXdmDpPBA;Programming with Mosh;27;none;0;0;0;0;PT0S;N/A;N/A;false;False;rectangular
h4FRpDGuJyI;Microsoft laid off 6,000 people… but why?;"Everyone’s talking about the layoffs — but no one’s asking the right questions. This goes way deeper than AI. Let’s break it down.

Level up your coding skills: https://codewithmosh.com

✋ Stay connected:
- Twitter: https://twitter.com/moshhamedani
- Facebook: https://www.facebook.com/programmingwithmosh/
- Instagram: https://www.instagram.com/codewithmosh.official/
- LinkedIn: https://www.linkedin.com/school/codewithmosh/";2025-05-20T11:30:41Z;UCWv7vMbMWH4-V0ZXdmDpPBA;Programming with Mosh;27;none;0;0;0;0;PT0S;N/A;N/A;false;False;rectangular
upDLs1sn7g4;What is JavaScript?;"What is JavaScript? This short video explains it in 5 minutes.
🔥Get the full JavaScript course: http://bit.ly/2M1sp4B

Subscribe for more videos: 
https://www.youtube.com/channel/UCWv7vMbMWH4-V0ZXdmDpPBA?sub_confirmation=1

Want to learn more from me? Check out my blog and courses: 

Courses: https://codewithmosh.com
Blog: https://programmingwithmosh.com 
Facebook: https://www.facebook.com/programmingwithmosh/
Twitter: https://twitter.com/moshhamedani";2018-04-24T04:00:17Z;UCWv7vMbMWH4-V0ZXdmDpPBA;Programming with Mosh;22;none;0;0;0;0;PT0S;N/A;N/A;false;False;rectangular
NKmasqr_Xkw;Python Stacks - Python Tutorial for Absolute Beginners | Mosh;"Learn how to use stacks in Python. 

🔥Subscribe for more Python tutorials like this: https://www.youtube.com/channel/UCWv7vMbMWH4-V0ZXdmDpPBA?sub_confirmation=1

🔥Python for Beginners Tutorial: https://youtu.be/yE9v9rt6ziw

Python Exercises for Beginners: 
https://programmingwithmosh.com/python/python-exercises-and-questions-for-beginners/

Python Cheat Sheet: 
https://programmingwithmosh.com/python/python-3-cheat-sheet/


Want to learn more from me? Check out my blog and courses: 

http://programmingwithmosh.com 
https://www.facebook.com/programmingwithmosh/
https://twitter.com/moshhamedani";2018-11-13T15:00:02Z;UCWv7vMbMWH4-V0ZXdmDpPBA;Programming with Mosh;27;none;0;0;0;0;PT0S;N/A;N/A;false;False;rectangular
N3AkSS5hXMA;What Is React (React js) & Why Is It So Popular?;"What is React (React js)? This video explains it in 5 Minutes!
🔥React tutorial for beginners: https://youtu.be/Ke90Tje7VS0

Subscribe to my YouTube channel for more videos: 
https://www.youtube.com/channel/UCWv7vMbMWH4-V0ZXdmDpPBA?sub_confirmation=1

Want to learn more from me? Check out my blog and courses: 

Courses: https://codewithmosh.com
Blog: https://programmingwithmosh.com 
Facebook: https://www.facebook.com/programmingwithmosh/
Twitter: https://twitter.com/moshhamedani";2018-06-27T04:05:47Z;UCWv7vMbMWH4-V0ZXdmDpPBA;Programming with Mosh;22;none;0;0;0;0;PT0S;N/A;N/A;false;False;rectangular
v73-ps01c5w;How Spring Boot Can Be A Game Changer For Your Career;"Learn how Spring Boot simplifies Java development and why it's a must-have skill for developers!

🚀 Want to build your first Spring Boot application? Watch my tutorial here: https://youtu.be/gJrjgg1KVL4?si=iyduMaeArvy2xlJg

❤️ Join this channel to get access to perks:
https://www.youtube.com/channel/UCWv7vMbMWH4-V0ZXdmDpPBA/join

✋ Stay connected:
- Full Courses: https://codewithmosh.com
- Twitter: https://twitter.com/moshhamedani
- Facebook: https://www.facebook.com/programmingwithmosh/
- Instagram: https://www.instagram.com/codewithmosh.official/
- LinkedIn: https://www.linkedin.com/school/codewithmosh/

#springboot #java #backend";2025-03-04T12:01:21Z;UCWv7vMbMWH4-V0ZXdmDpPBA;Programming with Mosh;27;none;0;0;0;0;PT0S;N/A;N/A;false;False;rectangular
fZmQ_aPXJAM;The Best Tech Jobs for 2025: High Demand & High Pay;"Curious about the best tech careers for 2025? Find out which roles are in demand, what they pay, and why they matter in today’s fast-changing world of tech.

❤️ Join this channel to get access to perks:
https://www.youtube.com/channel/UCWv7vMbMWH4-V0ZXdmDpPBA/join

🚀 Roadmaps: https://youtube.com/playlist?list=PLTjRvDozrdlx82aIrsHY_Ndr3mKGK4tgq&si=JjJvrStpQ75JFAeZ

✋ Stay connected:
- Full Courses: https://codewithmosh.com
- Twitter: https://twitter.com/moshhamedani
- Facebook: https://www.facebook.com/programmingwithmosh/
- Instagram: https://www.instagram.com/codewithmosh.official/
- LinkedIn: https://www.linkedin.com/school/codewithmosh/

#coding #tech #techcareers";2024-12-24T13:30:06Z;UCWv7vMbMWH4-V0ZXdmDpPBA;Programming with Mosh;27;none;0;0;0;0;PT0S;N/A;N/A;false;False;rectangular
7IgVGSaQPaw;The Complete Machine Learning Roadmap;"Go from zero to a machine learning engineer in 12 months. This step-by-step roadmap covers the essential skills you must learn to become a machine learning engineer in 2024. 

❤️ Join this channel to get access to perks:
https://www.youtube.com/channel/UCWv7vMbMWH4-V0ZXdmDpPBA/join

Download the FREE roadmap PDF here: https://mosh.link/machine-learning-roadmap

✋ Stay connected

- Complete courses: https://codewithmosh.com
- Twitter: https://twitter.com/moshhamedani
- Facebook: https://www.facebook.com/programmingwithmosh/
- Instagram: https://www.instagram.com/codewithmosh.official/
- LinkedIn: https://www.linkedin.com/school/codewithmosh/

🔗 Other roadmaps

https://youtu.be/Tef1e9FiSR0?si=QpVnZ_o9-DAXzT71
https://youtu.be/OeEHJgzqS1k?si=qd0ZIqAzUpZQn6BX

📚 Tutorials 

https://youtu.be/_uQrJ0TkZlc?si=ZhlCrQs1SkaPNVa8
https://youtu.be/8JJ101D3knE?si=OGTuS35LQqSunuhh
https://youtu.be/BBpAmxU_NQo?si=dm-ZCPxVBYWS1Qhn
https://youtu.be/7S_tz1z_5bA?si=QL7s_M2Ao90RDwG8

📖 Chapters

00:00 - Introduction
00:20 - Programming Languages
00:42 - Version Control
01:03 - Data Structures & Algorithms 
01:35 - SQL
01:55 - The Complete Roadmap PDF
02:19 - Mathematics & Statistics
02:40 - Data Handling 
03:15 - Machine Learning Fundamentals
03:57 - Advanced Topics 
04:28 - Model Deployment

#machinelearning #ai #datascience #coding #programming";2024-07-18T13:00:06Z;UCWv7vMbMWH4-V0ZXdmDpPBA;Programming with Mosh;27;none;0;0;0;0;PT0S;N/A;N/A;false;False;rectangular
r16Rn4_jDfk;How to Learn to Code and Make $60k+ a Year;"Wondering how to learn to code? What programming languages to learn? Watch this video to find out. 
Python tutorial for beginners: https://youtu.be/_uQrJ0TkZlc

This video answers the frequently asked questions by beginners who want to learn how to code fast:

- What you need to learn to code
- What programming languages you should learn 
- Where to learn to code
- Why colleges are a waste of time 
- How long it takes to learn programming and get a job
- How to prepare for programming job interviews 

🔥Subscribe for more tutorials like this: https://www.youtube.com/channel/UCWv7vMbMWH4-V0ZXdmDpPBA?sub_confirmation=1


LEARNING RESOURCES
Learn how to code with Python: 
https://youtu.be/_uQrJ0TkZlc

Ask your questions here: 
http://stackoverflow.com 
 
Python exercises for beginners: 
https://programmingwithmosh.com/python/python-exercises-and-questions-for-beginners/


PREPARING FOR JOBS 
Upload your code to http://github.com 


Want to learn more from me? Check out my blog and courses: 

http://programmingwithmosh.com 
https://www.facebook.com/programmingwithmosh/
https://twitter.com/moshhamedani";2019-01-08T21:43:10Z;UCWv7vMbMWH4-V0ZXdmDpPBA;Programming with Mosh;27;none;0;0;0;0;PT0S;N/A;N/A;false;False;rectangular
gdiao7L9GjE;From Zero to Blockchain Developer in 10 Months: Complete Roadmap;"Go from zero to a blockchain developer in 10 months. This step-by-step roadmap covers the essential skills and latest technologies to become a blockchain developer. 

❤️ Join this channel to get access to perks:
https://www.youtube.com/channel/UCWv7vMbMWH4-V0ZXdmDpPBA/join

Download the FREE roadmap PDF: https://mosh.link/blockchain-roadmap

✋ Stay connected:

- Full Courses: https://codewithmosh.com
- Twitter: https://twitter.com/moshhamedani
- Facebook: https://www.facebook.com/programmingwithmosh/
- Instagram: https://www.instagram.com/codewithmosh.official/
- LinkedIn: https://www.linkedin.com/school/codewithmosh/

📚 Tutorials 

https://youtu.be/_uQrJ0TkZlc?si=CgNwkAU760a5nRA6
https://youtu.be/kqtD5dpn9C8?si=09gTE-7ltWEZSuqQ
https://youtu.be/W6NZfCO5SIk?si=yS0lQXyy3qwQF3DA
https://youtu.be/8JJ101D3knE?si=OGTuS35LQqSunuhh
https://youtu.be/BBpAmxU_NQo?si=dm-ZCPxVBYWS1Qhn
https://youtu.be/SqcY0GlETPk?si=4byQs5W3qyG-011L

#blockchain #coding #techjobs";2025-01-07T12:30:49Z;UCWv7vMbMWH4-V0ZXdmDpPBA;Programming with Mosh;27;none;0;0;0;0;PT0S;N/A;N/A;false;False;rectangular
t9j8lCUGZXo;What are Sets in Python? Python Tutorial for Absolute Beginners | Mosh;"What are sets in Python? How to use sets in Python? This Python tutorial explains it. 

🔥Subscribe for more Python tutorials like this: https://www.youtube.com/channel/UCWv7vMbMWH4-V0ZXdmDpPBA?sub_confirmation=1

🔥Python for Beginners Tutorial: https://youtu.be/yE9v9rt6ziw

Python Exercises for Beginners: 
https://programmingwithmosh.com/python/python-exercises-and-questions-for-beginners/

Python Cheat Sheet: 
https://programmingwithmosh.com/python/python-3-cheat-sheet/


Want to learn more from me? Check out my blog and courses: 

http://programmingwithmosh.com 
https://www.facebook.com/programmingwithmosh/
https://twitter.com/moshhamedani";2018-11-14T15:00:05Z;UCWv7vMbMWH4-V0ZXdmDpPBA;Programming with Mosh;27;none;0;0;0;0;PT0S;N/A;N/A;false;False;rectangular
J-graiyPhpw;9 Reasons People Hate JavaScript;"Why does everyone HATE JavaScript? We expose its flaws, quirks, and why it's still the king of the web!

✋ Stay connected

- Twitter: https://twitter.com/moshhamedani
- Facebook: https://www.facebook.com/programmingwithmosh/
- Instagram: https://www.instagram.com/codewithmosh.official/
- LinkedIn: https://www.linkedin.com/school/codewithmosh/

📖 What's covered

00:00 - Introducing JavaScript
00:14 - History of JavaScript
00:32 - Coercion 
00:59 - Equality operators
01:29 - Array.sort
01:50 - Null and undefined
02:08 - The this keyword
02:23 - Classes 
02:38 - Module system
03:16 - TypeScript
03:47 - Ecosystem
04:28 - Why JavaScript is the king

#javascript #programming #webdevelopment  #coding";2024-05-17T13:00:17Z;UCWv7vMbMWH4-V0ZXdmDpPBA;Programming with Mosh;27;none;0;0;0;0;PT0S;N/A;N/A;false;False;rectangular
v7BNtpw53AA;The Complete Cybersecurity Roadmap: Land a Cybersecurity Job in 10 Months;"The complete step-by-step roadmap to land your first cybersecurity job in 10 months or less.

❤️ Join this channel to get access to perks:
https://www.youtube.com/channel/UCWv7vMbMWH4-V0ZXdmDpPBA/join

✋ Stay connected:
- Full Courses: https://codewithmosh.com
- Twitter: https://twitter.com/moshhamedani
- Facebook: https://www.facebook.com/programmingwithmosh/
- Instagram: https://www.instagram.com/codewithmosh.official/
- LinkedIn: https://www.linkedin.com/school/codewithmosh/

📚 Tutorials 

https://youtu.be/_uQrJ0TkZlc?si=CgNwkAU760a5nRA6
https://youtu.be/kqtD5dpn9C8?si=09gTE-7ltWEZSuqQ

#cybersecurity #coding #techjobs";2025-01-14T12:31:01Z;UCWv7vMbMWH4-V0ZXdmDpPBA;Programming with Mosh;27;none;0;0;0;0;PT0S;N/A;N/A;false;False;rectangular
9R3X0JoCLyU;The Complete Data Science Roadmap;"Go from zero to a data scientist in 12 months. This step-by-step roadmap covers the essential skills you must learn to become a data scientist in 2024. 

❤️ Join this channel to get access to perks:
https://www.youtube.com/channel/UCWv7vMbMWH4-V0ZXdmDpPBA/join

Download the FREE roadmap PDF here: https://mosh.link/data-science-roadmap

✋ Stay connected

- Complete courses: https://codewithmosh.com
- Twitter: https://twitter.com/moshhamedani
- Facebook: https://www.facebook.com/programmingwithmosh/
- Instagram: https://www.instagram.com/codewithmosh.official/
- LinkedIn: https://www.linkedin.com/school/codewithmosh/

📚 Tutorials 

https://youtu.be/_uQrJ0TkZlc?si=ZhlCrQs1SkaPNVa8
https://youtu.be/8JJ101D3knE?si=OGTuS35LQqSunuhh
https://youtu.be/BBpAmxU_NQo?si=dm-ZCPxVBYWS1Qhn
https://youtu.be/7S_tz1z_5bA?si=QL7s_M2Ao90RDwG8

📖 Chapters

00:00 - Introduction
00:24 - Programming Languages
00:45 - Version Control
01:05 - Data Structures & Algorithms 
01:25 - SQL
02:08 - Mathematics & Statistics
02:30 - Data Handling and Visualization
03:19 - Machine Learning
04:01 - Deep Learning
04:35 - Specialization
05:24 - Big Data

#datascience #machinelearning #ai #coding #programming";2024-08-01T13:00:08Z;UCWv7vMbMWH4-V0ZXdmDpPBA;Programming with Mosh;27;none;0;0;0;0;PT0S;N/A;N/A;false;False;rectangular
IsG4Xd6LlsM;JavaScript if else (tutorial);"JavaScript if else made simple. 

🔥Get the COMPLETE course (83% OFF - LIMITED TIME ONLY): http://bit.ly/2M1sp4B


Subscribe for more videos: 
https://www.youtube.com/channel/UCWv7vMbMWH4-V0ZXdmDpPBA?sub_confirmation=1

Want to learn more from me? Check out my blog and courses: 

http://programmingwithmosh.com 
https://www.facebook.com/programmingwithmosh/
https://twitter.com/moshhamedani";2018-05-15T22:27:15Z;UCWv7vMbMWH4-V0ZXdmDpPBA;Programming with Mosh;22;none;0;0;0;0;PT0S;N/A;N/A;false;False;rectangular
kJOqIaGwQ7Y;Top Programming Languages to Learn in 2024 (For High-paying Jobs);"Overwhelmed by endless programming languages? This video helps you pick the PERFECT language to kickstart your dream tech career in 2024.

#coding #programming #ai

💡 Related videos:
https://youtu.be/kqtD5dpn9C8?si=GdgBBCVDReYHx3nm
https://youtu.be/W6NZfCO5SIk?si=rjEsYx9yfQcibK8h
https://youtu.be/qz0aGYrrlhU?si=JKTdhlA32GsyQndQ
https://youtu.be/ZzaPdXTrSb8?si=2BtlsfELp4l2CJT4
https://youtu.be/gfkTfcpWqAY?si=_zROEA2Krj2JDXt5
https://youtu.be/eIrMbAQSU34?si=3zqgIuSB6_OaYCCG
https://youtu.be/XKkoVpupYdw?si=w6tFGrNn0wO9Qyeo
https://youtu.be/HXH4yu227EQ?si=gYjEJcoUICdUAKbd


✋ Stay connected:
- Twitter: https://twitter.com/moshhamedani
- Facebook: https://www.facebook.com/programmingwithmosh/
- Instagram: https://www.instagram.com/codewithmosh.official/
- LinkedIn: https://www.linkedin.com/school/codewithmosh/


📖 What's covered
00:00 Introduction
00:26 Is AI Replacing Coders?
00:45 The Hard Truth About Coding
01:24 Languages for Web Development
02:29 Languages for Mobile Development
03:43 Languages for Game Development
04:10 Languages for Embedded Systems
04:50 Languages for AI & Machine Learning";2024-04-02T13:00:50Z;UCWv7vMbMWH4-V0ZXdmDpPBA;Programming with Mosh;27;none;0;0;0;0;PT0S;N/A;N/A;false;False;rectangular
09BwruU4kiY;JavaScript Strings;"JavaScript Strings

🔥Get the COMPLETE course (83% OFF - LIMITED TIME ONLY): http://bit.ly/2M1sp4B

Subscribe for more videos: 
https://www.youtube.com/channel/UCWv7vMbMWH4-V0ZXdmDpPBA?sub_confirmation=1

Want to learn more from me? Check out my blog and courses: 

http://programmingwithmosh.com 
https://www.facebook.com/programmingwithmosh/
https://twitter.com/moshhamedani";2018-05-15T22:48:37Z;UCWv7vMbMWH4-V0ZXdmDpPBA;Programming with Mosh;22;none;0;0;0;0;PT0S;N/A;N/A;false;False;rectangular
N8ap4k_1QEQ;JavaScript Functions;"JavaScript Functions

🔥Get the COMPLETE course (83% OFF - LIMITED TIME ONLY): http://bit.ly/2M1sp4B

Subscribe for more videos: 
https://www.youtube.com/channel/UCWv7vMbMWH4-V0ZXdmDpPBA?sub_confirmation=1

Want to learn more from me? Check out my blog and courses: 

http://programmingwithmosh.com 
https://www.facebook.com/programmingwithmosh/
https://twitter.com/moshhamedani";2018-05-15T22:35:35Z;UCWv7vMbMWH4-V0ZXdmDpPBA;Programming with Mosh;22;none;0;0;0;0;PT0S;N/A;N/A;false;False;rectangular
27YP6n6pDh0;The FASTEST Way to Learn to Code & Get a Job;"Ready to change your life? Learn how ordinary people transformed their careers with coding and landed high-paying tech jobs in a year. Step-by-step system inside!

✋ Stay connected

- Twitter: https://twitter.com/moshhamedani
- Facebook: https://www.facebook.com/programmingwithmosh/
- Instagram: https://www.instagram.com/codewithmosh.official/
- LinkedIn: https://www.linkedin.com/school/codewithmosh/

📖 Chapters

00:05 - Meet people who transformed their lives with code
00:59 - The coding trap that's slowing you down
01:28 - Your dream tech job: how to choose
01:44 - The roadmap to your coding success
02:07 - The right way to learn coding
02:52 - How to practice
03:37 - How to impress employers
03:56 - How to prepare for interviews
05:00 - Your job search action plan

#codingjourney #learntocode #leetcode  #programming #coding #techinsider";2024-04-09T13:00:06Z;UCWv7vMbMWH4-V0ZXdmDpPBA;Programming with Mosh;27;none;0;0;0;0;PT0S;N/A;N/A;false;False;rectangular
pTB0EiLXUC8;Object-Oriented Programming, Simplified;"4 pillars of object-oriented programming: encapsulation, abstraction, inheritance and polymorphism. 

❤️ Join this channel to get access to perks:
https://www.youtube.com/channel/UCWv7vMbMWH4-V0ZXdmDpPBA/join

✋ Stay connected

- Complete courses: https://codewithmosh.com
- Twitter: https://twitter.com/moshhamedani
- Facebook: https://www.facebook.com/programmingwithmosh/
- Instagram: https://www.instagram.com/codewithmosh.official/
- LinkedIn: https://www.linkedin.com/school/codewithmosh/";2018-03-30T00:24:17Z;UCWv7vMbMWH4-V0ZXdmDpPBA;Programming with Mosh;22;none;0;0;0;0;PT0S;N/A;N/A;false;False;rectangular
23AOrSN-wmI;JavaScript Constructor Functions;"JavaScript Constructor Functions made simple.

🔥Get the COMPLETE course (83% OFF - LIMITED TIME ONLY): http://bit.ly/2M1sp4B


Subscribe for more videos: 
https://www.youtube.com/channel/UCWv7vMbMWH4-V0ZXdmDpPBA?sub_confirmation=1

Want to learn more from me? Check out my blog and courses: 

http://programmingwithmosh.com 
https://www.facebook.com/programmingwithmosh/
https://twitter.com/moshhamedani";2018-05-15T22:30:14Z;UCWv7vMbMWH4-V0ZXdmDpPBA;Programming with Mosh;22;none;0;0;0;0;PT0S;N/A;N/A;false;False;rectangular
yye7rSsiV6k;The Complete App Development Roadmap;"Go from zero to a mobile app developer in 12 months. This step-by-step roadmap covers the essential skills and latest technologies to become an app developer. 

❤️ Join this channel to get access to perks:
https://www.youtube.com/channel/UCWv7vMbMWH4-V0ZXdmDpPBA/join

Download the FREE roadmap PDF here: https://mosh.link/mobile-roadmap

✋ Stay connected

- Complete courses: https://codewithmosh.com
- Twitter: https://twitter.com/moshhamedani
- Facebook: https://www.facebook.com/programmingwithmosh/
- Instagram: https://www.instagram.com/codewithmosh.official/
- LinkedIn: https://www.linkedin.com/school/codewithmosh/

🔗 Other roadmaps

https://youtu.be/Tef1e9FiSR0?si=QpVnZ_o9-DAXzT71
https://youtu.be/OeEHJgzqS1k?si=qd0ZIqAzUpZQn6BX

📚 Tutorials 

https://youtu.be/W6NZfCO5SIk?si=yS0lQXyy3qwQF3DA
https://youtu.be/8JJ101D3knE?si=OGTuS35LQqSunuhh
https://youtu.be/BBpAmxU_NQo?si=dm-ZCPxVBYWS1Qhn
https://youtu.be/NU_1StN5Tkk?si=gsMONPdgxouQOolu
https://youtu.be/SqcY0GlETPk?si=O93IXejTVuh_5cbY
https://youtu.be/0-S5a0eXPoc?si=yP7qia07NN2FMeS2


📖 Chapters

00:00 - Introduction
00:08 - Native vs Cross-platform Development
04:08 - Languages
04:57 - Version control (Git)
05:25 - Data structures & algorithms 
06:12 - Design patterns 
07:14 - Mobile frameworks

#appdevelopment #coding #programming";2024-07-04T13:01:03Z;UCWv7vMbMWH4-V0ZXdmDpPBA;Programming with Mosh;27;none;0;0;0;0;PT0S;N/A;N/A;false;False;rectangular
nKzEJWbkPbQ;Insertion Sort Algorithm Made Simple [Sorting Algorithms];"Learn to implement the Insertion Sort algorithm and ace your coding interview.
👍Subscribe for more data structure and algorithm tutorials like this: https://goo.gl/6PYaGF
🚀Get the full data structures and algorithms course: https://bit.ly/2YfL3zr

CONNECT WITH ME

My Courses: http://codewithmosh.com
My Blog: http://programmingwithmosh.com
My Facebook: https://www.facebook.com/programmingwithmosh
My Twitter: https://twitter.com/moshhamedani

Data Structures and Algorithms is an essential topic taught to computer science and software engineering students to help them learn logical thinking and problem solving. That's why a lot of companies these days ask data structure and algorithm questions in their interviews. Sorting algorithms are particularly important. Even though you never have to implement a sorting algorithm in real life, studying and understanding these algorithms help you become better solving larger, more complex problems.";2020-06-29T13:00:11Z;UCWv7vMbMWH4-V0ZXdmDpPBA;Programming with Mosh;27;none;0;0;0;0;PT0S;N/A;N/A;false;False;rectangular
s9wW2PpJsmQ;JavaScript Loops;"JavaScript loops made simple. 

🔥Get the COMPLETE course (83% OFF - LIMITED TIME ONLY): http://bit.ly/2M1sp4B


Subscribe for more videos: 
https://www.youtube.com/channel/UCWv7vMbMWH4-V0ZXdmDpPBA?sub_confirmation=1

Want to learn more from me? Check out my blog and courses: 

http://programmingwithmosh.com 
https://www.facebook.com/programmingwithmosh/
https://twitter.com/moshhamedani";2018-05-15T22:32:25Z;UCWv7vMbMWH4-V0ZXdmDpPBA;Programming with Mosh;22;none;0;0;0;0;PT0S;N/A;N/A;false;False;rectangular
XgSjoHgy3Rk;JavaScript Let vs Var vs Constant | Mosh;"JavaScript Let vs Var vs Constant - 

🔥Get the COMPLETE course (83% OFF - LIMITED TIME ONLY): http://bit.ly/2KZea52

Subscribe for more videos: 
https://www.youtube.com/channel/UCWv7vMbMWH4-V0ZXdmDpPBA?sub_confirmation=1

Want to learn more from me? Check out my blog and courses: 

http://programmingwithmosh.com 
https://www.facebook.com/programmingwithmosh/
https://twitter.com/moshhamedani";2018-05-15T22:52:37Z;UCWv7vMbMWH4-V0ZXdmDpPBA;Programming with Mosh;22;none;0;0;0;0;PT0S;N/A;N/A;false;False;rectangular
jpegXpQpb3o;JavaScript Factory Functions;"JavaScript factory functions made simple. 

🔥Get the COMPLETE course (83% OFF - LIMITED TIME ONLY): http://bit.ly/2M1sp4B


Subscribe for more videos: 
https://www.youtube.com/channel/UCWv7vMbMWH4-V0ZXdmDpPBA?sub_confirmation=1

Want to learn more from me? Check out my blog and courses: 

http://programmingwithmosh.com 
https://www.facebook.com/programmingwithmosh/
https://twitter.com/moshhamedani";2018-05-15T22:28:47Z;UCWv7vMbMWH4-V0ZXdmDpPBA;Programming with Mosh;22;none;0;0;0;0;PT0S;N/A;N/A;false;False;rectangular
OeEHJgzqS1k;The Complete Backend Developer Roadmap;"Go from zero to a backend developer in 12 months. This step-by-step roadmap covers the essential skills and latest technologies to become a backend developer in 2024. 

❤️ Join this channel to get access to perks:
https://www.youtube.com/channel/UCWv7vMbMWH4-V0ZXdmDpPBA/join

Download the FREE roadmap PDF here: https://mosh.link/backend-roadmap

✋ Stay connected

- Complete courses: https://codewithmosh.com
- Twitter: https://twitter.com/moshhamedani
- Facebook: https://www.facebook.com/programmingwithmosh/
- Instagram: https://www.instagram.com/codewithmosh.official/
- LinkedIn: https://www.linkedin.com/school/codewithmosh/

🔗 Other roadmaps

https://youtu.be/Tef1e9FiSR0?si=QpVnZ_o9-DAXzT71
https://youtu.be/yye7rSsiV6k?si=4ZIpjrqeU0fJk7os

📚 Tutorials 

https://youtu.be/_uQrJ0TkZlc?si=QA5qvbvk60uP-7Gu
https://youtu.be/eIrMbAQSU34?si=PmdmS1vo9Gp4yRxR
https://youtu.be/8JJ101D3knE?si=OGTuS35LQqSunuhh
https://youtu.be/BBpAmxU_NQo?si=dm-ZCPxVBYWS1Qhn
https://youtu.be/NU_1StN5Tkk?si=gsMONPdgxouQOolu
https://youtu.be/7S_tz1z_5bA?si=wUNE0zrN_6uWrO7d
https://youtu.be/rHux0gMZ3Eg?si=w1h0R4U8freF5xPT


📖 Chapters

00:00 - Introduction
00:08 - Programming languages 
02:48 - Version control (Git)
03:16 - Data structures & algorithms 
04:03 - Design patterns 
05:10 - Databases
07:00 - Web frameworks
08:02 - Additional skills 

#programming #webdevelopment #backend #coding";2024-06-11T13:00:30Z;UCWv7vMbMWH4-V0ZXdmDpPBA;Programming with Mosh;27;none;0;0;0;0;PT0S;N/A;N/A;false;False;rectangular
6GQRb4fGvtk;The Complete DevOps Roadmap;"Go from zero to a DevOps Engineer in 10-14 months. This step-by-step roadmap covers the essential skills you need to become a DevOps Engineer in 2024. 

❤️ Join this channel to get access to perks:
https://www.youtube.com/channel/UCWv7vMbMWH4-V0ZXdmDpPBA/join

Download the FREE roadmap PDF here: https://mosh.link/devops-roadmap

✋ Stay connected

- Complete courses: https://codewithmosh.com
- Twitter: https://twitter.com/moshhamedani
- Facebook: https://www.facebook.com/programmingwithmosh/
- Instagram: https://www.instagram.com/codewithmosh.official/
- LinkedIn: https://www.linkedin.com/school/codewithmosh/

📚 Tutorials 

https://youtu.be/_uQrJ0TkZlc?si=ZhlCrQs1SkaPNVa8
https://youtu.be/8JJ101D3knE?si=OGTuS35LQqSunuhh
https://youtu.be/pTFZFxd4hOI?si=DkijlBq9w076bm2l

📖 Chapters

00:00 - Introduction
00:25 - Linux Fundamentals
00:59 - Networking Concepts
01:38 - Git
02:03 - Programming Languages
03:03 - Cloud Providers
03:36 - Containerization
04:04 - Continuous Integration/Continuous Deployment (CI/CD)
04:51 - Container Orchestration
05:28 - Networking & Infrastructure Services 
06:00 - Configuration Management 
06:26 - Infrastructure as Code (IaC)
07:04 - Monitoring & Logging

#devops";2024-08-15T13:00:08Z;UCWv7vMbMWH4-V0ZXdmDpPBA;Programming with Mosh;27;none;0;0;0;0;PT0S;N/A;N/A;false;False;rectangular
bshe96X5KkA;AI Course for Developers - Build AI-Powered Apps;"❤️ Join this channel to get access to perks:
https://www.youtube.com/channel/UCWv7vMbMWH4-V0ZXdmDpPBA/join

✋ Stay connected:
- Full Courses: https://codewithmosh.com
- Twitter: https://twitter.com/moshhamedani
- Facebook: https://www.facebook.com/programmingwithmosh/
- Instagram: https://www.instagram.com/codewithmosh.official/
- LinkedIn: https://www.linkedin.com/school/codewithmosh/";2025-08-26T12:30:47Z;UCWv7vMbMWH4-V0ZXdmDpPBA;Programming with Mosh;27;none;0;0;0;0;PT0S;N/A;N/A;false;False;rectangular
bl98dm7vJt0;JavaScript Getters and Setters | Mosh;"JavaScript Getters and Setters

🔥Get the COMPLETE course (83% OFF - LIMITED TIME ONLY): http://bit.ly/2M1sp4B

Subscribe for more videos: 
https://www.youtube.com/channel/UCWv7vMbMWH4-V0ZXdmDpPBA?sub_confirmation=1

Want to learn more from me? Check out my blog and courses: 

http://programmingwithmosh.com 
https://www.facebook.com/programmingwithmosh/
https://twitter.com/moshhamedani";2018-05-15T22:34:23Z;UCWv7vMbMWH4-V0ZXdmDpPBA;Programming with Mosh;22;none;0;0;0;0;PT0S;N/A;N/A;false;False;rectangular
g1C40tDP0Bk;JavaScript Array Reduce;"JavaScript Array Reduce

🔥Get the COMPLETE course (83% OFF - LIMITED TIME ONLY): http://bit.ly/2KZea52

Subscribe for more videos: 
https://www.youtube.com/channel/UCWv7vMbMWH4-V0ZXdmDpPBA?sub_confirmation=1

Want to learn more from me? Check out my blog and courses: 

http://programmingwithmosh.com 
https://www.facebook.com/programmingwithmosh/
https://twitter.com/moshhamedani";2018-05-15T22:51:34Z;UCWv7vMbMWH4-V0ZXdmDpPBA;Programming with Mosh;22;none;0;0;0;0;PT0S;N/A;N/A;false;False;rectangular
uJLwnsLn0_Q;Bubble Sort in Plain English;"Learn to implement the Bubble Sort algorithm and ace your coding interview.
👍Subscribe for more data structure and algorithm tutorials like this: https://goo.gl/6PYaGF
🚀Get the full data structures and algorithms course: https://bit.ly/2YfL3zr

CONNECT WITH ME

My Courses: http://codewithmosh.com
My Blog: http://programmingwithmosh.com
My Facebook: https://www.facebook.com/programmingwithmosh
My Twitter: https://twitter.com/moshhamedani

Data Structures and Algorithms is an essential topic taught to computer science and software engineering students to help them learn logical thinking and problem solving. That's why a lot of companies these days ask data structure and algorithm questions in their interviews. Sorting algorithms are particularly important. Even though you never have to implement a sorting algorithm in real life, studying and understanding these algorithms help you become better solving larger, more complex problems.";2020-06-22T13:00:10Z;UCWv7vMbMWH4-V0ZXdmDpPBA;Programming with Mosh;27;none;0;0;0;0;PT0S;N/A;N/A;false;False;rectangular
Tef1e9FiSR0;The Complete Frontend Developer Roadmap;"Go from zero to a frontend developer in 12 months. This step-by-step roadmap covers the essential skills and latest technologies to become a frontend developer in 2024. 

Download the FREE roadmap PDF here: https://mosh.link/frontend-roadmap

✋ Stay connected

- Complete courses: https://codewithmosh.com
- Twitter: https://twitter.com/moshhamedani
- Facebook: https://www.facebook.com/programmingwithmosh/
- Instagram: https://www.instagram.com/codewithmosh.official/
- LinkedIn: https://www.linkedin.com/school/codewithmosh/

🔗 Other roadmaps

https://youtu.be/OeEHJgzqS1k?si=aR1w8WMfdDQxx3wE
https://youtu.be/yye7rSsiV6k?si=4ZIpjrqeU0fJk7os

📚 Tutorials 

https://youtu.be/qz0aGYrrlhU?si=8d3Q5kiE83nMJZAG
https://youtu.be/W6NZfCO5SIk?si=WXcgkjHSsGFyXZC2
https://youtu.be/d56mG7DezGs?si=Bng_nVPU7VQrxaa7
https://youtu.be/8JJ101D3knE?si=OGTuS35LQqSunuhh
https://youtu.be/SqcY0GlETPk?si=hbktR9plzOgfuvpZ
https://youtu.be/ZVnjOPwW4ZA?si=VG6XInWdFW8d0Sog
https://youtu.be/zuKbR4Q428o?si=U_e5ITtUGFptQoqw
https://youtu.be/0-S5a0eXPoc?si=1l1qX0YwbQN7BEuo

📖 Chapters

00:00 - Introduction
00:23 - Basics of web development
00:56 - How long it takes to become a front-end developer
01:10 - The complete front-end roadmap (PDF)
01:33 - Basics of front-end development 
03:33 - Version control (Git)
03:53 - TypeScript 
04:18 - UI libraries/frameworks
05:41 - CSS preprocessors
06:22 - CSS frameworks 
07:01 - Automated testing frameworks
07:43 - Meta-frameworks
08:20 - Mobile development 

#programming #webdevelopment #frontend #coding";2024-05-28T13:00:06Z;UCWv7vMbMWH4-V0ZXdmDpPBA;Programming with Mosh;27;none;0;0;0;0;PT0S;N/A;N/A;false;False;rectangular
aQ8YkJrAbzE;C# Interfaces Explained in Simple Terms | Mosh;"C# Interfaces Tutorial 

🔥Get the COMPLETE course: http://bit.ly/2LhL39u

SUBSCRIBE FOR MORE VIDEOS!
https://www.youtube.com/channel/UCWv7vMbMWH4-V0ZXdmDpPBA?sub_confirmation=1

STAY IN TOUCH
https://www.facebook.com/programmingwithmosh/
https://twitter.com/moshhamedani";2017-11-08T20:32:06Z;UCWv7vMbMWH4-V0ZXdmDpPBA;Programming with Mosh;22;none;0;0;0;0;PT0S;N/A;N/A;false;False;rectangular
gvicrj31JOM;JavaScript this Keyword;"JavaScript this Keyword

🔥Get my complete JavaScript course: http://bit.ly/2M1sp4B

Subscribe for more videos: 
https://www.youtube.com/channel/UCWv7vMbMWH4-V0ZXdmDpPBA?sub_confirmation=1

Want to learn more from me? Check out my blog and courses: 

Courses: https://codewithmosh.com
Blog: https://programmingwithmosh.com 
Facebook: https://www.facebook.com/programmingwithmosh/
Twitter: https://twitter.com/moshhamedani";2018-05-15T22:47:58Z;UCWv7vMbMWH4-V0ZXdmDpPBA;Programming with Mosh;22;none;0;0;0;0;PT0S;N/A;N/A;false;False;rectangular
GxmfcnU3feo;The Complete Web Development Roadmap;"Go from zero to a full stack web developer in 12 months. This step-by-step roadmap covers the essential skills and latest technologies to become a web developer in 2024. 

❤️ Join this channel to get access to perks:
https://www.youtube.com/channel/UCWv7vMbMWH4-V0ZXdmDpPBA/join

Download the FREE roadmap PDF here: https://mosh.link/web-roadmap

✋ Stay connected

- Complete courses: https://codewithmosh.com
- Twitter: https://twitter.com/moshhamedani
- Facebook: https://www.facebook.com/programmingwithmosh/
- Instagram: https://www.instagram.com/codewithmosh.official/
- LinkedIn: https://www.linkedin.com/school/codewithmosh/

🔗 Other roadmaps

https://youtu.be/7IgVGSaQPaw?si=nBuvDkGY314211WM
https://youtu.be/yye7rSsiV6k?si=NNyTV354jvuKVzpu

📚 Backend Tutorials 

https://youtu.be/_uQrJ0TkZlc?si=QA5qvbvk60uP-7Gu
https://youtu.be/eIrMbAQSU34?si=PmdmS1vo9Gp4yRxR
https://youtu.be/8JJ101D3knE?si=OGTuS35LQqSunuhh
https://youtu.be/BBpAmxU_NQo?si=dm-ZCPxVBYWS1Qhn
https://youtu.be/NU_1StN5Tkk?si=gsMONPdgxouQOolu
https://youtu.be/7S_tz1z_5bA?si=wUNE0zrN_6uWrO7d
https://youtu.be/rHux0gMZ3Eg?si=w1h0R4U8freF5xPT

📚 Frontend Tutorials 

https://youtu.be/qz0aGYrrlhU?si=8d3Q5kiE83nMJZAG
https://youtu.be/W6NZfCO5SIk?si=WXcgkjHSsGFyXZC2
https://youtu.be/d56mG7DezGs?si=Bng_nVPU7VQrxaa7
https://youtu.be/8JJ101D3knE?si=OGTuS35LQqSunuhh
https://youtu.be/SqcY0GlETPk?si=hbktR9plzOgfuvpZ
https://youtu.be/ZVnjOPwW4ZA?si=VG6XInWdFW8d0Sog
https://youtu.be/zuKbR4Q428o?si=U_e5ITtUGFptQoqw
https://youtu.be/0-S5a0eXPoc?si=1l1qX0YwbQN7BEuo

📖 Chapters

00:00 - Web Development 
01:04 - Back-end Development 
08:58 - Front-end Development 

#programming #webdevelopment #coding";2024-07-25T13:00:16Z;UCWv7vMbMWH4-V0ZXdmDpPBA;Programming with Mosh;27;none;0;0;0;0;PT0S;N/A;N/A;false;False;rectangular
ZqDtPFrUonQ;C# Classes Tutorial | Mosh;"Learn and understand classes in C#

🔥Get the COMPLETE Course: http://bit.ly/2LhL39u

SUBSCRIBE FOR MORE VIDEOS!
https://www.youtube.com/channel/UCWv7vMbMWH4-V0ZXdmDpPBA?sub_confirmation=1

STAY IN TOUCH
https://programmingwithmosh.com 
https://www.facebook.com/programmingwithmosh/
https://twitter.com/moshhamedani";2017-11-08T18:49:27Z;UCWv7vMbMWH4-V0ZXdmDpPBA;Programming with Mosh;22;none;0;0;0;0;PT0S;N/A;N/A;false;False;rectangular
94UHCEmprCY;Python For Loops - Python Tutorial for Absolute Beginners;"Python for loops. Learn Python basics with this Python tutorial for absolute beginners.
🔥Subscribe for more videos like this: https://goo.gl/6PYaGF
🔥Python tutorial for beginners: https://youtu.be/yE9v9rt6ziw

Python Exercises for Beginners: 
https://programmingwithmosh.com/python/python-exercises-and-questions-for-beginners/

Python Cheat Sheet: 
https://programmingwithmosh.com/python/python-3-cheat-sheet/


Want to learn more from me? Check out my blog and courses: 

http://programmingwithmosh.com 
https://www.facebook.com/programmingwithmosh/
https://twitter.com/moshhamedani";2018-11-05T15:00:00Z;UCWv7vMbMWH4-V0ZXdmDpPBA;Programming with Mosh;27;none;0;0;0;0;PT0S;N/A;N/A;false;False;rectangular
